Day,Weigth
30,85.43784946236559
31,85.34919540229885
32,85.2605413422321
33,85.17188728216537
34,85.08323322209863
35,84.99457916203188
36,84.90592510196514
37,84.81727104189841
